3,abc1@gmail.com,1324,NULL,NULL,Chennai,Tamil Nadu,654987,1234567898
4,abc2@gmail.com,1234,NULL,NULL,Lucknow,Uttar Pradesh,321489,1234567899
5,abc3@gmail.com,246,NULL,NULL,Indore,Madhya Pradesh,654987,1234567900
6,abc4@gmail.com,47,NULL,NULL,Ratlam,Kerala,321654,1234567901
7,abc5@gmail.com,342,NULL,NULL,Delhi,Delhi,654988,1234567902
8,abc6@gmail.com,47,NULL,NULL,Agra,Uttar Pradesh,321490,1234567903
9,abc7@gmail.com,23,NULL,NULL,Mathura,Uttar Pradesh,654988,1234567904
10,abc8@gmail.com,7,NULL,NULL,Chennai,Tamil Nadu,321655,1234567905
11,abc9@gmail.com,34,NULL,NULL,Lucknow,Uttar Pradesh,654989,1234567906
12,abc10@gmail.com,5362,NULL,NULL,Indore,Madhya Pradesh,321491,1234567907
13,abc11@gmail.com,6234,NULL,NULL,Ratlam,Kerala,654989,1234567908
14,abc12@gmail.com,56,NULL,NULL,Delhi,Delhi,321656,1234567909
15,abc13@gmail.com,2345,NULL,NULL,Agra,Uttar Pradesh,654990,1234567910
16,abc14@gmail.com,345,NULL,NULL,Mathura,Uttar Pradesh,321492,1234567911
17,abc15@gmail.com,4,NULL,NULL,Chennai,Tamil Nadu,654990,1234567912
18,abc16@gmail.com,5645,NULL,NULL,Lucknow,Uttar Pradesh,321657,1234567913
19,abc17@gmail.com,6,NULL,NULL,Indore,Madhya Pradesh,654991,1234567914
20,abc18@gmail.com,23,NULL,NULL,Ratlam,Kerala,321493,1234567915
21,abc19@gmail.com,62,NULL,NULL,Delhi,Delhi,654991,1234567916
22,abc20@gmail.com,6,NULL,NULL,Agra,Uttar Pradesh,321658,1234567917
23,abc21@gmail.com,25,NULL,NULL,Mathura,Uttar Pradesh,654992,1234567918
24,abc22@gmail.com,46,NULL,NULL,Chennai,Tamil Nadu,321494,1234567919
25,abc23@gmail.com,2,NULL,NULL,Lucknow,Uttar Pradesh,654992,1234567920
26,abc24@gmail.com,3,NULL,NULL,Indore,Madhya Pradesh,321659,1234567921
27,abc25@gmail.com,234,NULL,NULL,Ratlam,Kerala,654993,1234567922
28,abc26@gmail.com,2,NULL,NULL,Delhi,Delhi,321495,1234567923
29,abc27@gmail.com,63465,NULL,NULL,Agra,Uttar Pradesh,654993,1234567924
30,abc28@gmail.com,56,NULL,NULL,Mathura,Uttar Pradesh,321660,1234567925
31,abc29@gmail.com,3,NULL,NULL,Chennai,Tamil Nadu,654994,1234567926
32,abc30@gmail.com,452,NULL,NULL,Lucknow,Uttar Pradesh,321496,1234567927
